<?xml version="1.0" encoding="UTF-8"?>
<metadata xml:lang="nb"><Esri><CreaDate>20180612</CreaDate><CreaTime>15145500</CreaTime><ArcGISFormat>1.0</ArcGISFormat><SyncOnce>TRUE</SyncOnce><DataProperties><lineage><Process ToolSource="c:\program files\arcgis\pro\Resources\ArcToolbox\Toolboxes\Data Management Tools.tbx\AddField" Date="20180612" Time="151455">AddField "CIMDATA=&lt;CIMStandardDataConnection xsi:type='typens:CIMStandardDataConnection' xmlns:xsi='http://www.w3.org/2001/XMLSchema-instance' xmlns:xs='http://www.w3.org/2001/XMLSchema' xmlns:typens='http://www.esri.com/schemas/ArcGIS/2.1.0'&gt;&lt;WorkspaceConnectionString&gt;DATABASE=C:\temp\AGOL_prosjekter\Turkart_360&lt;/WorkspaceConnectionString&gt;&lt;WorkspaceFactory&gt;Shapefile&lt;/WorkspaceFactory&gt;&lt;Dataset&gt;badeplasser.shp&lt;/Dataset&gt;&lt;DatasetType&gt;esriDTAny&lt;/DatasetType&gt;&lt;/CIMStandardDataConnection&gt;" navn Text # # 255 # NON_NULLABLE NON_REQUIRED #</Process><Process ToolSource="c:\program files\arcgis\pro\Resources\ArcToolbox\Toolboxes\Data Management Tools.tbx\AddField" Date="20180612" Time="151455">AddField "CIMDATA=&lt;CIMStandardDataConnection xsi:type='typens:CIMStandardDataConnection' xmlns:xsi='http://www.w3.org/2001/XMLSchema-instance' xmlns:xs='http://www.w3.org/2001/XMLSchema' xmlns:typens='http://www.esri.com/schemas/ArcGIS/2.1.0'&gt;&lt;WorkspaceConnectionString&gt;DATABASE=C:\temp\AGOL_prosjekter\Turkart_360&lt;/WorkspaceConnectionString&gt;&lt;WorkspaceFactory&gt;Shapefile&lt;/WorkspaceFactory&gt;&lt;Dataset&gt;badeplasser.shp&lt;/Dataset&gt;&lt;DatasetType&gt;esriDTAny&lt;/DatasetType&gt;&lt;/CIMStandardDataConnection&gt;" temp "Long (large integer)" # # # # NON_NULLABLE NON_REQUIRED #</Process><Process ToolSource="c:\program files\arcgis\pro\Resources\ArcToolbox\Toolboxes\Data Management Tools.tbx\AddField" Date="20180612" Time="151455">AddField "CIMDATA=&lt;CIMStandardDataConnection xsi:type='typens:CIMStandardDataConnection' xmlns:xsi='http://www.w3.org/2001/XMLSchema-instance' xmlns:xs='http://www.w3.org/2001/XMLSchema' xmlns:typens='http://www.esri.com/schemas/ArcGIS/2.1.0'&gt;&lt;WorkspaceConnectionString&gt;DATABASE=C:\temp\AGOL_prosjekter\Turkart_360&lt;/WorkspaceConnectionString&gt;&lt;WorkspaceFactory&gt;Shapefile&lt;/WorkspaceFactory&gt;&lt;Dataset&gt;badeplasser.shp&lt;/Dataset&gt;&lt;DatasetType&gt;esriDTAny&lt;/DatasetType&gt;&lt;/CIMStandardDataConnection&gt;" tempmaalt Date # # # # NON_NULLABLE NON_REQUIRED #</Process><Process ToolSource="c:\program files\arcgis\pro\Resources\ArcToolbox\Toolboxes\Data Management Tools.tbx\AddField" Date="20180612" Time="151456">AddField "CIMDATA=&lt;CIMStandardDataConnection xsi:type='typens:CIMStandardDataConnection' xmlns:xsi='http://www.w3.org/2001/XMLSchema-instance' xmlns:xs='http://www.w3.org/2001/XMLSchema' xmlns:typens='http://www.esri.com/schemas/ArcGIS/2.1.0'&gt;&lt;WorkspaceConnectionString&gt;DATABASE=C:\temp\AGOL_prosjekter\Turkart_360&lt;/WorkspaceConnectionString&gt;&lt;WorkspaceFactory&gt;Shapefile&lt;/WorkspaceFactory&gt;&lt;Dataset&gt;badeplasser.shp&lt;/Dataset&gt;&lt;DatasetType&gt;esriDTAny&lt;/DatasetType&gt;&lt;/CIMStandardDataConnection&gt;" tempms Text # # 255 # NON_NULLABLE NON_REQUIRED #</Process><Process ToolSource="c:\program files\arcgis\pro\Resources\ArcToolbox\Toolboxes\Data Management Tools.tbx\AddField" Date="20180612" Time="151456">AddField "CIMDATA=&lt;CIMStandardDataConnection xsi:type='typens:CIMStandardDataConnection' xmlns:xsi='http://www.w3.org/2001/XMLSchema-instance' xmlns:xs='http://www.w3.org/2001/XMLSchema' xmlns:typens='http://www.esri.com/schemas/ArcGIS/2.1.0'&gt;&lt;WorkspaceConnectionString&gt;DATABASE=C:\temp\AGOL_prosjekter\Turkart_360&lt;/WorkspaceConnectionString&gt;&lt;WorkspaceFactory&gt;Shapefile&lt;/WorkspaceFactory&gt;&lt;Dataset&gt;badeplasser.shp&lt;/Dataset&gt;&lt;DatasetType&gt;esriDTAny&lt;/DatasetType&gt;&lt;/CIMStandardDataConnection&gt;" kategori Text # # 255 # NON_NULLABLE NON_REQUIRED #</Process><Process ToolSource="c:\program files\arcgis\pro\Resources\ArcToolbox\Toolboxes\Data Management Tools.tbx\AddField" Date="20180612" Time="151456">AddField "CIMDATA=&lt;CIMStandardDataConnection xsi:type='typens:CIMStandardDataConnection' xmlns:xsi='http://www.w3.org/2001/XMLSchema-instance' xmlns:xs='http://www.w3.org/2001/XMLSchema' xmlns:typens='http://www.esri.com/schemas/ArcGIS/2.1.0'&gt;&lt;WorkspaceConnectionString&gt;DATABASE=C:\temp\AGOL_prosjekter\Turkart_360&lt;/WorkspaceConnectionString&gt;&lt;WorkspaceFactory&gt;Shapefile&lt;/WorkspaceFactory&gt;&lt;Dataset&gt;badeplasser.shp&lt;/Dataset&gt;&lt;DatasetType&gt;esriDTAny&lt;/DatasetType&gt;&lt;/CIMStandardDataConnection&gt;" beskr Text # # 500 # NON_NULLABLE NON_REQUIRED #</Process><Process ToolSource="c:\program files\arcgis\pro\Resources\ArcToolbox\Toolboxes\Data Management Tools.tbx\AddField" Date="20180612" Time="151457">AddField "CIMDATA=&lt;CIMStandardDataConnection xsi:type='typens:CIMStandardDataConnection' xmlns:xsi='http://www.w3.org/2001/XMLSchema-instance' xmlns:xs='http://www.w3.org/2001/XMLSchema' xmlns:typens='http://www.esri.com/schemas/ArcGIS/2.1.0'&gt;&lt;WorkspaceConnectionString&gt;DATABASE=C:\temp\AGOL_prosjekter\Turkart_360&lt;/WorkspaceConnectionString&gt;&lt;WorkspaceFactory&gt;Shapefile&lt;/WorkspaceFactory&gt;&lt;Dataset&gt;badeplasser.shp&lt;/Dataset&gt;&lt;DatasetType&gt;esriDTAny&lt;/DatasetType&gt;&lt;/CIMStandardDataConnection&gt;" toalett Text # # 10 # NON_NULLABLE NON_REQUIRED #</Process><Process ToolSource="c:\program files\arcgis\pro\Resources\ArcToolbox\Toolboxes\Data Management Tools.tbx\AddField" Date="20180612" Time="151457">AddField "CIMDATA=&lt;CIMStandardDataConnection xsi:type='typens:CIMStandardDataConnection' xmlns:xsi='http://www.w3.org/2001/XMLSchema-instance' xmlns:xs='http://www.w3.org/2001/XMLSchema' xmlns:typens='http://www.esri.com/schemas/ArcGIS/2.1.0'&gt;&lt;WorkspaceConnectionString&gt;DATABASE=C:\temp\AGOL_prosjekter\Turkart_360&lt;/WorkspaceConnectionString&gt;&lt;WorkspaceFactory&gt;Shapefile&lt;/WorkspaceFactory&gt;&lt;Dataset&gt;badeplasser.shp&lt;/Dataset&gt;&lt;DatasetType&gt;esriDTAny&lt;/DatasetType&gt;&lt;/CIMStandardDataConnection&gt;" stupetarn Text # # 10 # NON_NULLABLE NON_REQUIRED #</Process><Process ToolSource="c:\program files\arcgis\pro\Resources\ArcToolbox\Toolboxes\Data Management Tools.tbx\AddField" Date="20180612" Time="151458">AddField "CIMDATA=&lt;CIMStandardDataConnection xsi:type='typens:CIMStandardDataConnection' xmlns:xsi='http://www.w3.org/2001/XMLSchema-instance' xmlns:xs='http://www.w3.org/2001/XMLSchema' xmlns:typens='http://www.esri.com/schemas/ArcGIS/2.1.0'&gt;&lt;WorkspaceConnectionString&gt;DATABASE=C:\temp\AGOL_prosjekter\Turkart_360&lt;/WorkspaceConnectionString&gt;&lt;WorkspaceFactory&gt;Shapefile&lt;/WorkspaceFactory&gt;&lt;Dataset&gt;badeplasser.shp&lt;/Dataset&gt;&lt;DatasetType&gt;esriDTAny&lt;/DatasetType&gt;&lt;/CIMStandardDataConnection&gt;" kiosk Text # # 10 # NON_NULLABLE NON_REQUIRED #</Process><Process ToolSource="c:\program files\arcgis\pro\Resources\ArcToolbox\Toolboxes\Data Management Tools.tbx\AddField" Date="20180612" Time="151458">AddField "CIMDATA=&lt;CIMStandardDataConnection xsi:type='typens:CIMStandardDataConnection' xmlns:xsi='http://www.w3.org/2001/XMLSchema-instance' xmlns:xs='http://www.w3.org/2001/XMLSchema' xmlns:typens='http://www.esri.com/schemas/ArcGIS/2.1.0'&gt;&lt;WorkspaceConnectionString&gt;DATABASE=C:\temp\AGOL_prosjekter\Turkart_360&lt;/WorkspaceConnectionString&gt;&lt;WorkspaceFactory&gt;Shapefile&lt;/WorkspaceFactory&gt;&lt;Dataset&gt;badeplasser.shp&lt;/Dataset&gt;&lt;DatasetType&gt;esriDTAny&lt;/DatasetType&gt;&lt;/CIMStandardDataConnection&gt;" volley Text # # 10 # NON_NULLABLE NON_REQUIRED #</Process><Process ToolSource="c:\program files\arcgis\pro\Resources\ArcToolbox\Toolboxes\Data Management Tools.tbx\AddField" Date="20180612" Time="151459">AddField "CIMDATA=&lt;CIMStandardDataConnection xsi:type='typens:CIMStandardDataConnection' xmlns:xsi='http://www.w3.org/2001/XMLSchema-instance' xmlns:xs='http://www.w3.org/2001/XMLSchema' xmlns:typens='http://www.esri.com/schemas/ArcGIS/2.1.0'&gt;&lt;WorkspaceConnectionString&gt;DATABASE=C:\temp\AGOL_prosjekter\Turkart_360&lt;/WorkspaceConnectionString&gt;&lt;WorkspaceFactory&gt;Shapefile&lt;/WorkspaceFactory&gt;&lt;Dataset&gt;badeplasser.shp&lt;/Dataset&gt;&lt;DatasetType&gt;esriDTAny&lt;/DatasetType&gt;&lt;/CIMStandardDataConnection&gt;" grill Text # # 10 # NON_NULLABLE NON_REQUIRED #</Process><Process ToolSource="c:\program files\arcgis\pro\Resources\ArcToolbox\Toolboxes\Data Management Tools.tbx\AddField" Date="20180612" Time="151459">AddField "CIMDATA=&lt;CIMStandardDataConnection xsi:type='typens:CIMStandardDataConnection' xmlns:xsi='http://www.w3.org/2001/XMLSchema-instance' xmlns:xs='http://www.w3.org/2001/XMLSchema' xmlns:typens='http://www.esri.com/schemas/ArcGIS/2.1.0'&gt;&lt;WorkspaceConnectionString&gt;DATABASE=C:\temp\AGOL_prosjekter\Turkart_360&lt;/WorkspaceConnectionString&gt;&lt;WorkspaceFactory&gt;Shapefile&lt;/WorkspaceFactory&gt;&lt;Dataset&gt;badeplasser.shp&lt;/Dataset&gt;&lt;DatasetType&gt;esriDTAny&lt;/DatasetType&gt;&lt;/CIMStandardDataConnection&gt;" annet Text # # 255 # NON_NULLABLE NON_REQUIRED #</Process><Process ToolSource="c:\program files\arcgis\pro\Resources\ArcToolbox\Toolboxes\Data Management Tools.tbx\AddField" Date="20180612" Time="151500">AddField "CIMDATA=&lt;CIMStandardDataConnection xsi:type='typens:CIMStandardDataConnection' xmlns:xsi='http://www.w3.org/2001/XMLSchema-instance' xmlns:xs='http://www.w3.org/2001/XMLSchema' xmlns:typens='http://www.esri.com/schemas/ArcGIS/2.1.0'&gt;&lt;WorkspaceConnectionString&gt;DATABASE=C:\temp\AGOL_prosjekter\Turkart_360&lt;/WorkspaceConnectionString&gt;&lt;WorkspaceFactory&gt;Shapefile&lt;/WorkspaceFactory&gt;&lt;Dataset&gt;badeplasser.shp&lt;/Dataset&gt;&lt;DatasetType&gt;esriDTAny&lt;/DatasetType&gt;&lt;/CIMStandardDataConnection&gt;" url Text # # 255 # NON_NULLABLE NON_REQUIRED #</Process><Process ToolSource="c:\program files\arcgis\pro\Resources\ArcToolbox\Toolboxes\Data Management Tools.tbx\AddField" Date="20180612" Time="152652">AddField "CIMDATA=&lt;CIMStandardDataConnection xsi:type='typens:CIMStandardDataConnection' xmlns:xsi='http://www.w3.org/2001/XMLSchema-instance' xmlns:xs='http://www.w3.org/2001/XMLSchema' xmlns:typens='http://www.esri.com/schemas/ArcGIS/2.1.0'&gt;&lt;WorkspaceConnectionString&gt;DATABASE=C:\temp\AGOL_prosjekter\Turkart_360&lt;/WorkspaceConnectionString&gt;&lt;WorkspaceFactory&gt;Shapefile&lt;/WorkspaceFactory&gt;&lt;Dataset&gt;badeplasser.shp&lt;/Dataset&gt;&lt;DatasetType&gt;esriDTAny&lt;/DatasetType&gt;&lt;/CIMStandardDataConnection&gt;" kvalitet Text # # 50 # NON_NULLABLE NON_REQUIRED #</Process><Process ToolSource="c:\program files\arcgis\pro\Resources\ArcToolbox\Toolboxes\Data Management Tools.tbx\AddField" Date="20180612" Time="152653">AddField "CIMDATA=&lt;CIMStandardDataConnection xsi:type='typens:CIMStandardDataConnection' xmlns:xsi='http://www.w3.org/2001/XMLSchema-instance' xmlns:xs='http://www.w3.org/2001/XMLSchema' xmlns:typens='http://www.esri.com/schemas/ArcGIS/2.1.0'&gt;&lt;WorkspaceConnectionString&gt;DATABASE=C:\temp\AGOL_prosjekter\Turkart_360&lt;/WorkspaceConnectionString&gt;&lt;WorkspaceFactory&gt;Shapefile&lt;/WorkspaceFactory&gt;&lt;Dataset&gt;badeplasser.shp&lt;/Dataset&gt;&lt;DatasetType&gt;esriDTAny&lt;/DatasetType&gt;&lt;/CIMStandardDataConnection&gt;" kvalitetms Text # # 50 # NON_NULLABLE NON_REQUIRED #</Process><Process ToolSource="c:\program files\arcgis\pro\Resources\ArcToolbox\Toolboxes\Data Management Tools.tbx\AddField" Date="20180612" Time="152653">AddField "CIMDATA=&lt;CIMStandardDataConnection xsi:type='typens:CIMStandardDataConnection' xmlns:xsi='http://www.w3.org/2001/XMLSchema-instance' xmlns:xs='http://www.w3.org/2001/XMLSchema' xmlns:typens='http://www.esri.com/schemas/ArcGIS/2.1.0'&gt;&lt;WorkspaceConnectionString&gt;DATABASE=C:\temp\AGOL_prosjekter\Turkart_360&lt;/WorkspaceConnectionString&gt;&lt;WorkspaceFactory&gt;Shapefile&lt;/WorkspaceFactory&gt;&lt;Dataset&gt;badeplasser.shp&lt;/Dataset&gt;&lt;DatasetType&gt;esriDTAny&lt;/DatasetType&gt;&lt;/CIMStandardDataConnection&gt;" kvalitetm Date # # # # NON_NULLABLE NON_REQUIRED #</Process><Process ToolSource="c:\program files\arcgis\pro\Resources\ArcToolbox\Toolboxes\Data Management Tools.tbx\AddField" Date="20180612" Time="160207">AddField "CIMDATA=&lt;CIMStandardDataConnection xsi:type='typens:CIMStandardDataConnection' xmlns:xsi='http://www.w3.org/2001/XMLSchema-instance' xmlns:xs='http://www.w3.org/2001/XMLSchema' xmlns:typens='http://www.esri.com/schemas/ArcGIS/2.1.0'&gt;&lt;WorkspaceConnectionString&gt;DATABASE=C:\temp\AGOL_prosjekter\Turkart_360&lt;/WorkspaceConnectionString&gt;&lt;WorkspaceFactory&gt;Shapefile&lt;/WorkspaceFactory&gt;&lt;Dataset&gt;badeplasser.shp&lt;/Dataset&gt;&lt;DatasetType&gt;esriDTAny&lt;/DatasetType&gt;&lt;/CIMStandardDataConnection&gt;" tempm Date # # # # NON_NULLABLE NON_REQUIRED #</Process><Process ToolSource="c:\program files\arcgis\pro\Resources\ArcToolbox\Toolboxes\Data Management Tools.tbx\DeleteField" Date="20180612" Time="160223">DeleteField badeplasser tempmaalt</Process><Process ToolSource="c:\program files\arcgis\pro\Resources\ArcToolbox\Toolboxes\Data Management Tools.tbx\DeleteField" Date="20180614" Time="141818">DeleteField badeplasser tempm</Process><Process ToolSource="c:\program files\arcgis\pro\Resources\ArcToolbox\Toolboxes\Data Management Tools.tbx\DeleteField" Date="20180614" Time="141821">DeleteField badeplasser kvalitetm</Process><Process ToolSource="c:\program files\arcgis\pro\Resources\ArcToolbox\Toolboxes\Data Management Tools.tbx\AddField" Date="20180614" Time="142142">AddField "CIMDATA=&lt;CIMStandardDataConnection xsi:type='typens:CIMStandardDataConnection' xmlns:xsi='http://www.w3.org/2001/XMLSchema-instance' xmlns:xs='http://www.w3.org/2001/XMLSchema' xmlns:typens='http://www.esri.com/schemas/ArcGIS/2.1.0'&gt;&lt;WorkspaceConnectionString&gt;DATABASE=C:\temp\AGOL_prosjekter\Turkart_360&lt;/WorkspaceConnectionString&gt;&lt;WorkspaceFactory&gt;Shapefile&lt;/WorkspaceFactory&gt;&lt;Dataset&gt;badeplasser.shp&lt;/Dataset&gt;&lt;DatasetType&gt;esriDTAny&lt;/DatasetType&gt;&lt;/CIMStandardDataConnection&gt;" datotemp Date # # # # NON_NULLABLE NON_REQUIRED #</Process></lineage></DataProperties></Esri></metadata>
